# See docs for redirects in GitLab Pages:
#   https://docs.gitlab.com/ee/user/project/pages/redirects.html
#
# This file is automatically generated from a template:
#   layouts/index.redirects
#
# Please add in chronological order by removal date following https://handbook.gitlab.com/docs/development/#redirects.

{{ $aliases := newScratch -}}
{{ $section_aliases := newScratch -}}
{{ $root_sections := slice -}}
{{/* handle explicit aliases in frontmatter */}}
{{- range $p := .Site.Pages -}}
{{- $aliases.Add $p.RelPermalink $p.Aliases -}}
{{- end -}}
{{- range .Site.Sections -}}
{{- $root_sections = $root_sections | append .RelPermalink -}}
{{- end -}}
{{/* custom aliases for handbook sections */}}
{{- with site.GetPage "handbook" -}}
{{- range .Sections -}}
{{- if not (in $root_sections (replace .RelPermalink "/handbook" "")) -}}
{{- $section_aliases.Add (printf "%s:splat" .RelPermalink) (replace .RelPermalink "/handbook" "" 1 | printf "%s*" | slice) -}}
{{- end -}}
{{- end -}}
{{- end -}}
{{ printf "\n# Aliases Generated from Front Matter" }}
{{ printf "" }}
{{- range $permalink, $redirects := $aliases.Values -}}
{{- range $r := $redirects -}}
{{- printf "%s %s\n" $r $permalink -}}
{{- end -}}
{{- end -}}
{{ printf "\n# Root level section aliases\n" }}
{{- range $permalink, $redirects := $section_aliases.Values -}}
{{- range $r := $redirects -}}
{{- printf "%s %s\n" $r $permalink -}}
{{- end -}}
{{- end -}}
{{ printf "" }}

# Handbook doesn't use .html style page locations so repoint these
/handbook/*.html /handbook/:splat/ 301
/job-families/*.html /job-families/:splat/ 301

# Source Code team pages move - remove 2025-08-01
/handbook/engineering/development/ /handbook/engineering/devops/ 301

# DevOps creation/reorg changes - remove 2025-08-01
/handbook/engineering/development/dev/ /handbook/engineering/devops/dev/create/source-code/frontend/ 301
/handbook/engineering/development/analytics/monitor/ /handbook/engineering/data-engineering/analytics/ 301
/handbook/engineering/development/dev/create/ /handbook/engineering/devops/dev/create/ 301
/handbook/engineering/development/dev/create/code-review/ /handbook/engineering/devops/dev/create/code-review/ 301
/handbook/engineering/development/dev/create/import-and-integrate/ /handbook/engineering/devops/dev/create/import-and-integrate/ 301
/handbook/engineering/development/dev/create/remote-development/ /handbook/engineering/devops/dev/create/remote-development/ 301
/handbook/engineering/development/dev/create/source-code/ /handbook/engineering/devops/dev/create/source-code/ 301
/handbook/engineering/development/dev/create/code-creation/ /handbook/engineering/ai/code-creation/ 301
/handbook/engineering/development/dev/create/editor-extensions/ /handbook/engineering/ai/editor-extensions/ 301
/handbook/engineering/development/dev/foundations/search/ /handbook/engineering/ai/search/ 301
/handbook/engineering/development/data-science/ /handbook/engineering/ai/data-science/  301
/handbook/engineering/development/data-science/* /handbook/engineering/ai/data-science/:splat  301
/handbook/engineering/development/dev/plan/ /handbook/engineering/devops/dev/plan/ 301
/handbook/engineering/development/dev/plan/* /handbook/engineering/devops/dev/plan/:splat 301
/handbook/engineering/development/ops/ /handbook/engineering/devops/ops/ 301
/handbook/engineering/development/ops/* /handbook/engineering/devops/ops/:splat 301

# Technical Writing handbook pages - remove 2025-08-05
/handbook/product/ux/technical-writing/documentation/ /handbook/product/ux/technical-writing/#documentation 301
/handbook/product/ux/technical-writing/fundamentals/ https://university.gitlab.com/courses/gitlab-technical-writing-fundamentals 301
/handbook/product/ux/technical-writing/fundamentals/examples/ https://docs.gitlab.com/development/documentation/topic_types/ 301
/handbook/product/ux/technical-writing/setup/ https://docs.gitlab.com/development/documentation/authoring_environment/ 301
/handbook/product/ux/technical-writing/workflow/ https://docs.gitlab.com/development/documentation/workflow/ 301

# Security Policies team pages move - remove 2025-08-25
/handbook/engineering/development/sec/software-supply-chain-security/security-policies/ /handbook/engineering/development/sec/security-risk-management/security-policies/ 301
/handbook/engineering/development/sec/software-supply-chain-security/security-policies/* /handbook/engineering/development/sec/security-risk-management/security-policies/:splat 301

# IT Team move to CorpSec - remove 2025-09-30
/handbook/it/end-user-services/onboarding-access-requests/access-requests/ /handbook/security/corporate/end-user-services/access-requests/ 301
/handbook/it/end-user-services/onboarding-access-requests/access-requests/* /handbook/security/corporate/end-user-services/access-requests/:splat 301
/handbook/security/corporate/end-user-services/onboarding-access-requests/ /handbook/security/corporate/end-user-services/laptop-management/ 301
/handbook/it/end-user-services/ /handbook/security/corporate/end-user-services/ 301
/handbook/it/end-user-services/onboarding-access-requests/access-requests/frequently-asked-questions/ /security/corporate/end-user-services/access-requests/frequently-asked-questions/
/handbook/it/end-user-services/onboarding101/ /handbook/security/corporate/end-user-services/onboarding101/ 301
/handbook/it/end-user-services/onboarding101/* /handbook/security/corporate/end-user-services/onboarding101/:splat 301
/handbook/it/corporate/end-user-services/#laptop-wipe-schedules-for-it-analysts /handbook/security/corporate/end-user-services/laptop-management/laptop-wipe/ 301
/handbook/it/okta/okta-enduser-faq/ /handbook/security/corporate/end-user-services/okta/okta-enduser-faq/ 301
/handbook/it/okta/okta-enduser-faq/* /handbook/security/corporate/end-user-services/okta/okta-enduser-faq/:splat 301
/handbook/it/okta/ /handbook/security/corporate/end-user-services/okta/ 301
/handbook/it/okta/* /handbook/security/corporate/end-user-services/okta/:splat 301
/handbook/security/corporate/services/laptops/wipe/ /handbook/security/corporate/end-user-services/laptop-management/laptop-wipe/ 301

# Old Infrastructure Department moved - remove 2025-09-30
/handbook/engineering/infrastructure/alert-playbook-management/ /handbook/engineering/infrastructure-platforms/alert-playbook-management/ 301
/handbook/engineering/infrastructure/capacity-planning/ /handbook/engineering/infrastructure-platforms/capacity-planning/ 301
/handbook/engineering/infrastructure/change-management/ /handbook/engineering/infrastructure-platforms/change-management/ 301
/handbook/engineering/infrastructure/cost-management/ /handbook/engineering/infrastructure-platforms/cost-management/ 301
/handbook/engineering/infrastructure/cost-management/* /handbook/engineering/infrastructure-platforms/cost-management/:splat 301
/handbook/engineering/infrastructure/database/ /handbook/engineering/infrastructure-platforms/database/ 301
/handbook/engineering/infrastructure/database/* /handbook/engineering/infrastructure-platforms/database/:splat 301
/handbook/engineering/infrastructure/emergency-change-processes/ /handbook/engineering/infrastructure-platforms/emergency-change-processes/ 301
/handbook/engineering/infrastructure/core-platform/systems/distribution/ /handbook/engineering/infrastructure-platforms/gitlab-delivery/distribution/ 301
/handbook/engineering/infrastructure/core-platform/systems/distribution/* /handbook/engineering/infrastructure-platforms/gitlab-delivery/distribution/:splat 301
/handbook/engineering/infrastructure/faq/ /handbook/engineering/infrastructure-platforms/faq/ 301
/handbook/engineering/infrastructure/feature-support/ /handbook/engineering/infrastructure-platforms/feature-support/ 301
/handbook/engineering/infrastructure/incident-review/ /handbook/engineering/infrastructure-platforms/incident-review/ 301
/handbook/engineering/infrastructure/network-security/ /handbook/engineering/infrastructure-platforms/network-security/ 301
/handbook/engineering/infrastructure/projects/ /handbook/engineering/infrastructure-platforms/projects/ 301
/handbook/engineering/infrastructure/release-tools/ /handbook/engineering/infrastructure-platforms/release-tools/ 301
/handbook/engineering/infrastructure/service-maturity-model/ /handbook/engineering/infrastructure-platforms/service-maturity-model/ 301

# AI reorg - remove 2025-09-30
/handbook/engineering/ai/data-science/ /handbook/engineering/ai/ 301
/handbook/engineering/ai/data-science/ai-powered/ai-framework/ /handbook/engineering/ai/ai-framework/ 301
/handbook/engineering/ai/data-science/ai-powered/custom-models/ /handbook/engineering/ai/custom-models/ 301
/handbook/engineering/ai/data-science/ai-powered/duo-chat/ /handbook/engineering/ai/duo-chat/ 301
/handbook/engineering/ai/data-science/ai-powered/duo-chat/* /handbook/engineering/ai/duo-chat/:splat 301
/handbook/engineering/ai/data-science/ai-powered/duo-workflow/ /handbook/engineering/ai/agent-foundations/ 301
/handbook/engineering/ai/data-science/ai-powered/duo-workflow/* /handbook/engineering/ai/agent-foundations/:splat 301
/handbook/engineering/ai/data-science/ai-powered/workflow-catalog/ /handbook/engineering/ai/workflow-catalog/ 301

# Security Logging pages reorg - remove 2025-10-02
/handbook/security/product-security/security-logging/ /handbook/security/security-operations/security-logging/ 301
/handbook/security/product-security/security-logging/critical-logging-methodology/ /handbook/security/security-operations/security-logging/critical-logging-methodology/ 301

# Product Dev pages reorg - remove 2025-10-03
/handbook/engineering/infrastructure/engineering-productivity/issue-triage/ /handbook/product-development/how-we-work/issue-triage/ 301
/handbook/product-development/r-and-d-interlock/ /handbook/product-development/how-we-work/r-and-d-interlock/ 301
/handbook/product-development/roles-and-responsibilities/ /handbook/product-development/how-we-work/roles-and-responsibilities/ 301
/handbook/product-development/product-development-flow/ /handbook/product-development/how-we-work/product-development-flow/ 301
/handbook/product-development/product-development-flow/* /handbook/product-development/how-we-work/product-development-flow/:splat 301

# Expansion Engineer page - remove 2025-10-07
/handbook/engineering/expansion-development/ /handbook/engineering/development/sec/ 301

# Infra library moved - remove 2025-10-10
/handbook/engineering/infrastructure/library/ https://gitlab.com/gitlab-com/gl-infra/readiness/-/tree/master/library
/handbook/engineering/infrastructure/library/* https://gitlab.com/gitlab-com/gl-infra/readiness/-/tree/master/library/:splat

# Duo Agent Platform team rename to Agent Foundations - remove 2025-11-19
/handbook/engineering/ai/duo-agent-platform/ /handbook/engineering/ai/agent-foundations/ 301
/handbook/engineering/ai/duo-agent-platform/* /handbook/engineering/ai/agent-foundations/:splat 301

# Cells project moved - remove 2025-12-22
/handbook/engineering/infrastructure/cells/ /handbook/engineering/infrastructure-platforms/tenant-scale/cells_and_organizations/ 301

# Triage policy with Duo page moved to docs - remove 2025-12-31
/handbook/engineering/infrastructure-platforms/developer-experience/development-analytics/create-triage-policy-with-gitlab-duo-workflow-guide/ https://docs.gitlab.com/development/duo_workflow/create_triage_policy_with_gitlab_duo_workflow_guide/ 301

# Monitor Stage rename to Analytics - remove 2025-11-30
/handbook/engineering/frontend/monitor/ /handbook/engineering/frontend/analytics/ 301
/handbook/engineering/data-engineering/analytics/monitor/ /handbook/engineering/data-engineering/analytics/ 301
/handbook/engineering/data-engineering/analytics/monitor/* /handbook/engineering/data-engineering/analytics/:splat 301

# People Group - remove 2025-08-18
/handbook/people-group/calendars/* https://theloop.gitlab.com/home	301
/handbook/people-group/readmes/* /handbook/people-group/ 301
/handbook/people-group/people-project-program/ /handbook/people-group/ 301
/handbook/hiring/contractor-conversions/ /handbook/hiring/ 301
/handbook/hiring/emerging-talent/ /handbook/hiring/ 301
/handbook/hiring/gitlab-ambassadors/ /handbook/people-group/employment-branding/ 301
/handbook/hiring/greenhouse/ /handbook/hiring/ 301
/handbook/hiring/associate-engineer-development/ /handbook/hiring/ 301
/handbook/hiring/sourcing/ /handbook/hiring/ 301
/handbook/hiring/recruiting-alignment/ /handbook/hiring/ 301
/handbook/hiring/meetings/ /handbook/hiring/ 301
/handbook/people-group/people-ops-tech-analytics/principles/ /handbook/people-group/people-ops-tech-analytics/ 301
/handbook/people-group/using-gitlab-at-gitlab/ /handbook/people-group/ 301
/handbook/hiring/talent-acquisition-framework/ /handbook/hiring/ 301
/handbook/hiring/talent-acquisition-framework/acquisitions/ /handbook/hiring/ 301
/handbook/hiring/talent-acquisition-framework/evergreen-requisitions/ /handbook/hiring/ 301
/handbook/hiring/talent-acquisition-framework/hiring-manager/ /handbook/hiring/ 301
/handbook/hiring/talent-acquisition-framework/offer-process/ /handbook/hiring/ 301
/handbook/hiring/talent-acquisition-framework/req-creation/ /handbook/hiring/ 301
/handbook/hiring/talent-acquisition-framework/req-overview/ /handbook/hiring/ 301
/handbook/hiring/talent-acquisition-framework/talent-community/ /handbook/hiring/ 301
/handbook/hiring/talent-acquisition-framework/triadprocess/ /handbook/hiring/ 301

# Team Members - remove 2025-08-29
/handbook/communication/ally-resources/ /handbook/company/culture/inclusion/ 301
/handbook/communication/video-playbook/ /handbook/communication/ 301
/handbook/company/culture/inclusion/2023-dib-report/ /handbook/company/culture/inclusion/ 301
/handbook/company/culture/inclusion/dib-goals/ /handbook/company/culture/inclusion/ 301
/handbook/company/culture/inclusion/talent-acquisition-initiatives/ /handbook/company/culture/inclusion/ 301
/handbook/company/inspired-by-gitlab/ /handbook/ 301
/handbook/company/culture/inclusion/erg-minorities-in-tech/* /handbook/company/culture/inclusion/ 301
/handbook/company/culture/summit/summit-leadership/ /handbook/ 301
/handbook/company/culture/top-team-member/ /handbook/ 301
/handbook/company/culture/internal-feedback/ /handbook/ 301
/handbook/company/culture/inclusion/ceo-dib-statement/ /handbook/company/culture/inclusion/ 301

# Cloud Connector ownership split - remove 2025-12-15
/handbook/engineering/architecture/design-documents/cloud_connector/decisions/001_lb_entry_point/ /handbook/engineering/architecture/design-documents/cloud_connector/authentication/decisions/auth_001_lb_entry_point/ 301
/handbook/engineering/architecture/design-documents/cloud_connector/decisions/002_remove_oidc_key_discovery/ /handbook/engineering/architecture/design-documents/cloud_connector/authentication/ 301
/handbook/engineering/architecture/design-documents/cloud_connector/decisions/003_unit_primitives/ /handbook/engineering/architecture/design-documents/cloud_connector/fulfillment/decisions/prov_001_unit_primitives/ 301

# Database Frameworks move to Data engineering - remove 2025-12-31
/handbook/engineering/infrastructure-platforms/data-access/database-framework/ /handbook/engineering/data-engineering/database-excellence/database-frameworks/ 301
/handbook/engineering/infrastructure-platforms/data-access/database-framework/* /handbook/engineering/data-engineering/database-excellence/database-frameworks/:splat 301

# Paid Time Off move to Time Off Types - remove 2025-09-24
/handbook/people-group/paid-time-off/ /handbook/people-group/time-off-and-absence/time-off-types/ 301

# AI Engineering: Split editor extensions team into 2 teams  - remove 2025-12-29
/handbook/engineering/ai/editor-extensions/ /handbook/engineering/ai/ 301

# People Group deletes move to Loop - remove 2025-09-26
/handbook/people-group/engineering/employment-issues/ https://theloop.gitlab.com/site/4455aa7f-24d9-41f2-b940-467b54962e4d/page/0fa19bf4-fd6a-41b9-9316-c2dcf3add854 301
/handbook/people-group/engineering/miscellaneous/ https://theloop.gitlab.com/site/4455aa7f-24d9-41f2-b940-467b54962e4d/page/0fa19bf4-fd6a-41b9-9316-c2dcf3add854 301
/handbook/people-group/engineering/nominatorbot/ https://theloop.gitlab.com/site/4455aa7f-24d9-41f2-b940-467b54962e4d/page/0fa19bf4-fd6a-41b9-9316-c2dcf3add854 301
/handbook/people-group/engineering/offboarding/ https://theloop.gitlab.com/site/4455aa7f-24d9-41f2-b940-467b54962e4d/page/0fa19bf4-fd6a-41b9-9316-c2dcf3add854 301
/handbook/people-group/engineering/onboarding/ https://theloop.gitlab.com/site/4455aa7f-24d9-41f2-b940-467b54962e4d/page/0fa19bf4-fd6a-41b9-9316-c2dcf3add854 301
/handbook/people-group/engineering/organization-change/ https://theloop.gitlab.com/site/4455aa7f-24d9-41f2-b940-467b54962e4d/page/0fa19bf4-fd6a-41b9-9316-c2dcf3add854 301
/handbook/people-group/engineering/ /handbook/people-group/ 301
/handbook/people-group/engineering/pops-internal-handbook/ /handbook/people-group/ 301
/handbook/people-group/systems-architecture/ /handbook/people-group/ 301
/handbook/people-group/tech-stack-guide-workday/ /handbook/people-group/ 301
/handbook/people-group/engineering/slack-integrations/ https://theloop.gitlab.com/site/4455aa7f-24d9-41f2-b940-467b54962e4d/page/0fa19bf4-fd6a-41b9-9316-c2dcf3add854 301
/handbook/people-group/engineering/team-pto-calendar/ https://theloop.gitlab.com/site/4455aa7f-24d9-41f2-b940-467b54962e4d/page/0fa19bf4-fd6a-41b9-9316-c2dcf3add854 301
/handbook/people-group/workday-guide/ https://theloop.gitlab.com/site/4455aa7f-24d9-41f2-b940-467b54962e4d/page/0fa19bf4-fd6a-41b9-9316-c2dcf3add854 301
/handbook/eba/vp-scheduling/ /handbook/eba/ 301
/handbook/people-group/employment-branding/awards-process/ /handbook/people-group/employment-branding/ 301
/handbook/people-group/employment-branding/glassdoor-escalation/ /handbook/people-group/employment-branding/ 301

# Moving GitLab Dedicated Tam pages from old infrastructure tree - remove 2026-01-09

/handbook/engineering/infrastructure/team/gitlab-dedicated/ /handbook/engineering/infrastructure-platforms/gitlab-dedicated/ 301
/handbook/engineering/infrastructure/team/gitlab-dedicated/* /handbook/engineering/infrastructure-platforms/gitlab-dedicated/:splat 301

# Removing Papaya Group page per Benefits team - remove 2025-10-20
/handbook/total-rewards/benefits/general-and-entity-benefits/papaya-global/ /handbook/total-rewards/benefits/general-and-entity-benefits/global-expansion/#united-arab-emirates 301
/handbook/total-rewards/benefits/general-and-entity-benefits/inc-benefits-us/total-rewards-processes/ /handbook/total-rewards/benefits/ 301

# Moving Durability team to Tenant Services - remove 2026-01-31

/handbook/engineering/infrastructure-platforms/data-access/durability /handbook/engineering/infrastructure-platforms/tenant-scale/tenant-services 301
/handbook/engineering/infrastructure-platforms/data-access/durability/* /handbook/engineering/infrastructure-platforms/tenant-scale/tenant-services/:splat 301

# Add FinOps -> Cloud Cost Utilization redirects
/handbook/engineering/infrastructure/team/finops/ /handbook/engineering/infrastructure-platforms/production-engineering/cloud-cost-utilization/ 301
/handbook/engineering/infrastructure/team/finops/* /handbook/engineering/infrastructure-platforms/production-engineering/cloud-cost-utilization/:splat 301

# Moving DIB pages to a new structure - remove 2026-02-14
/handbook/company/culture/inclusion/erg-guide/ /handbook/company/culture/inclusion/tmrg-tmag/ 301
/handbook/company/culture/inclusion/tmrg-gitlab-api/ /handbook/company/culture/inclusion/tmrg-tmag/tmrg-gitlab-api/ 301
/handbook/company/culture/inclusion/tmag-mental-health/ /handbook/company/culture/inclusion/tmrg-tmag/tmag-mental-health/ 301
/handbook/company/culture/inclusion/tmag-gitlab-generational-understanding/ /handbook/company/culture/inclusion/tmrg-tmag/tmag-gitlab-generational-understanding/ 301
/handbook/company/culture/inclusion/tmrg-caregivers/ /handbook/company/culture/inclusion/tmrg-tmag/tmrg-caregivers/ 301
/handbook/company/culture/inclusion/tmrg-global-voices/ /handbook/company/culture/inclusion/tmrg-tmag/tmrg-global-voices/ 301
/handbook/company/culture/inclusion/tmrg-gitlab-gente/ /handbook/company/culture/inclusion/tmrg-tmag/tmrg-gitlab-gente/ 301
/handbook/company/culture/inclusion/erg-gitlab-diversability/ /handbook/company/culture/inclusion/tmrg-tmag/erg-gitlab-diversability/ 301
/handbook/company/culture/inclusion/tmrg-gitlab-pride/ /handbook/company/culture/inclusion/tmrg-tmag/tmrg-gitlab-pride/ 301
/handbook/company/culture/inclusion/tmrg-gitlab-black/ /handbook/company/culture/inclusion/tmrg-tmag/tmrg-gitlab-black/ 301
handbook/company/culture/inclusion/tmrg-gitlab-women/ /handbook/company/culture/inclusion/tmrg-tmag/tmrg-gitlab-women/ 301

# Database team moves to data excellence - remove 2026-02-31
/handbook/engineering/data-engineering/data-frameworks/database-framework/ /handbook/engineering/data-engineering/database-excellence/database-frameworks/ 301
/handbook/engineering/data-engineering/data-frameworks/database-framework/* /handbook/engineering/data-engineering/database-excellence/database-frameworks/:splat 301
/handbook/engineering/infrastructure-platforms/data-access/database-operations/ /handbook/engineering/data-engineering/database-excellence/database-operations/ 301
/handbook/engineering/infrastructure-platforms/data-access/database-operations/* /handbook/engineering/data-engineering/database-excellence/database-frameworks/:splat 301

# Office of the CEO removal - remove 2026-02-31
/handbook/ceo/office-of-the-ceo/readmes/yyugitlab/ /handbook/finance/readmes/yyugitlab/ 301
/handbook/ceo/office-of-the-ceo/jihu-support/ /handbook/finance/jihu-support/ 301
/handbook/ceo/office-of-the-ceo/jihu-support/* /handbook/finance/jihu-support/:splat 301
/handbook/ceo/office-of-the-ceo/embody-team/ /handbook/engineering/embody-team/ 301

# Infrastructure environments move to infrastructure-platforms - remove 2026-03-21
/handbook/engineering/infrastructure/environments/ /handbook/engineering/infrastructure-platforms/environments/ 301
/handbook/engineering/infrastructure/environments/* /handbook/engineering/infrastructure-platforms/environments/:splat 301
/handbook/engineering/infrastructure/getting-assistance/ /handbook/engineering/infrastructure-platforms/getting-assistance/ 301

# DevOps handbook structure reorganization - remove 2026-03-02
/handbook/engineering/devops/dev/create/ /handbook/engineering/devops/create/ 301
/handbook/engineering/devops/dev/create/* /handbook/engineering/devops/create/:splat 301
/handbook/engineering/devops/dev/plan/ /handbook/engineering/devops/plan/ 301
/handbook/engineering/devops/dev/plan/* /handbook/engineering/devops/plan/:splat 301
/handbook/engineering/devops/ops/package/ /handbook/engineering/devops/package/ 301
/handbook/engineering/devops/ops/package/* /handbook/engineering/devops/package/:splat 301
/handbook/engineering/devops/ops/verify/ /handbook/engineering/devops/verify/ 301
/handbook/engineering/devops/ops/verify/* /handbook/engineering/devops/verify/:splat 301
/handbook/engineering/devops/ops/deploy/ /handbook/engineering/devops/deploy/ 301
/handbook/engineering/devops/ops/deploy/* /handbook/engineering/devops/deploy/:splat 301
/handbook/engineering/devops/ops/ /handbook/engineering/devops/ 301
/handbook/engineering/devops/ops/* /handbook/engineering/devops/:splat 301